<?xml version="1.0" encoding="UTF-8" standalone="no"?>
<work-item>
    <field id="author">admin</field>
    <field id="created">2017-06-24 06:49:10.893 +0100</field>
    <field id="description" text-type="text/plain">When a barcode has been read and the Cashregister is in the active state Cashregister_barcode shall invoke identify product to return the barcode to the calling function</field>
    <field id="linkedWorkItems">
        <list>
            <struct>
                <item id="role">relates_to</item>
                <item id="workItem">TCR-87</item>
            </struct>
        </list>
    </field>
    <field id="priority">50.0</field>
    <field id="reference" type="string">Cashregister_barcode</field>
    <field id="reqtype" type="enum:reqtype">lowLevel</field>
    <field id="requirementId" type="string">LLR_118</field>
    <field id="severity">should_have</field>
    <field id="status">draft</field>
    <field id="title">Cashregister_barcode: active</field>
    <field id="type">requirement</field>
    <field id="verificationStatus" type="string">Not Verified</field>
</work-item>
