<?xml version="1.0" encoding="UTF-8" standalone="no"?>
<work-item>
    <field id="author">admin</field>
    <field id="created">2017-06-24 07:03:50.015 +0100</field>
    <field id="description" text-type="text/plain">Enter a barcode manually and check that it is accepted or that it is shown as unknown</field>
    <field id="externalTask" type="string">HLT_106_ET.bat</field>
    <field id="inputFile" type="string">HLT_106_Input.txt</field>
    <field id="linkedWorkItems">
        <list>
            <struct>
                <item id="role">relates_to</item>
                <item id="workItem">TCR-92</item>
            </struct>
        </list>
    </field>
    <field id="outputFile" type="string">HLT_106_Output.txt</field>
    <field id="priority">50.0</field>
    <field id="referenceFile" type="string">HLT_106_Reference.txt</field>
    <field id="severity">basic</field>
    <field id="status">draft</field>
    <field id="testCaseId" type="string">HLT_106</field>
    <field id="testProcedure" text-type="text/plain" type="text"><![CDATA[1. Enter s to start a session
2. Enter barcode 12345b
Verify that "Adding Coconuts" is displayed
3. Enter barcode 54321b
Verify that "Unknown Barcode" is displayed]]></field>
    <field id="testType" type="enum:testtype">externalTest</field>
    <field id="type">testcase</field>
    <field id="verificationStatus" type="string">Not Verified</field>
</work-item>
