<?xml version="1.0" encoding="UTF-8" standalone="no"?>
<work-item>
    <field id="author">admin</field>
    <field id="created">2017-06-24 06:49:01.546 +0100</field>
    <field id="description" text-type="text/plain">If a product is scanned and it doesn't exist in the product database then identifyProduct shall return the null value</field>
    <field id="linkedWorkItems">
        <list>
            <struct>
                <item id="role">relates_to</item>
                <item id="workItem">TCR-83</item>
            </struct>
        </list>
    </field>
    <field id="priority">50.0</field>
    <field id="reference" type="string">identifyProduct</field>
    <field id="reqtype" type="enum:reqtype">lowLevel</field>
    <field id="requirementId" type="string">LLR_113</field>
    <field id="severity">should_have</field>
    <field id="status">draft</field>
    <field id="title">identifyProduct: non-existent</field>
    <field id="type">requirement</field>
    <field id="verificationStatus" type="string">Not Verified</field>
</work-item>
