<?xml version="1.0" encoding="UTF-8" standalone="no"?>
<work-item>
    <field id="author">admin</field>
    <field id="created">2017-06-24 06:48:41.817 +0100</field>
    <field id="description" text-type="text/plain">If the number of scanned products in the product list exceeds the maximum number of products allowed in a basket no future products shall be added to the product list</field>
    <field id="linkedWorkItems">
        <list>
            <struct>
                <item id="role">relates_to</item>
                <item id="workItem">TCR-82</item>
            </struct>
        </list>
    </field>
    <field id="priority">50.0</field>
    <field id="reference" type="string">addProduct</field>
    <field id="reqtype" type="enum:reqtype">lowLevel</field>
    <field id="requirementId" type="string">LLR_102</field>
    <field id="severity">should_have</field>
    <field id="status">draft</field>
    <field id="title">Add Product: too many</field>
    <field id="type">requirement</field>
    <field id="verificationStatus" type="string">Not Verified</field>
</work-item>
