<?xml version="1.0" encoding="UTF-8" standalone="no"?>
<work-item>
    <field id="author">admin</field>
    <field id="created">2017-06-24 06:49:59.381 +0100</field>
    <field id="description" text-type="text/plain">When the r command is issued invoke randomShopping()</field>
    <field id="linkedWorkItems">
        <list>
            <struct>
                <item id="role">relates_to</item>
                <item id="workItem">TCR-91</item>
            </struct>
        </list>
    </field>
    <field id="priority">50.0</field>
    <field id="reference" type="string">parse_commands</field>
    <field id="reqtype" type="enum:reqtype">lowLevel</field>
    <field id="requirementId" type="string">LLR_145</field>
    <field id="severity">should_have</field>
    <field id="status">draft</field>
    <field id="title">parse_commands: r</field>
    <field id="type">requirement</field>
    <field id="verificationStatus" type="string">Not Verified</field>
</work-item>
