<?xml version="1.0" encoding="UTF-8" standalone="no"?>
<work-item>
    <field id="author">admin</field>
    <field id="created">2017-06-24 06:49:09.047 +0100</field>
    <field id="description" text-type="text/plain">If a session is started startsession shall empty the shopping basket data</field>
    <field id="linkedWorkItems">
        <list>
            <struct>
                <item id="role">relates_to</item>
                <item id="workItem">TCR-88</item>
            </struct>
        </list>
    </field>
    <field id="priority">50.0</field>
    <field id="reference" type="string">startSession</field>
    <field id="reqtype" type="enum:reqtype">lowLevel</field>
    <field id="requirementId" type="string">LLR_117</field>
    <field id="severity">should_have</field>
    <field id="status">draft</field>
    <field id="title">startSession: empty</field>
    <field id="type">requirement</field>
    <field id="verificationStatus" type="string">Not Verified</field>
</work-item>
