<?xml version="1.0" encoding="UTF-8" standalone="no"?>
<work-item>
    <field id="author">admin</field>
    <field id="created">2017-06-24 06:31:57.330 +0100</field>
    <field id="description" text-type="text/plain">The cash register shall output all transaction and status information via the provided user interface</field>
    <field id="priority">50.0</field>
    <field id="reqtype" type="enum:reqtype">systemLevel</field>
    <field id="requirementId" type="string">SYS_101</field>
    <field id="severity">should_have</field>
    <field id="status">draft</field>
    <field id="title">User Interface output</field>
    <field id="type">requirement</field>
</work-item>
