<?xml version="1.0" encoding="UTF-8" standalone="no"?>
<work-item>
    <field id="author">admin</field>
    <field id="created">2017-06-24 07:03:46.486 +0100</field>
    <field id="description" text-type="text/plain"><![CDATA[Start a session

add a product

then cancel twice and check that no ticket is displayed]]></field>
    <field id="externalTask" type="string">HLT_104_ET.bat</field>
    <field id="inputFile" type="string">HLT_104_Input.txt</field>
    <field id="linkedWorkItems">
        <list>
            <struct>
                <item id="role">relates_to</item>
                <item id="workItem">TCR-86</item>
            </struct>
        </list>
    </field>
    <field id="outputFile" type="string">HLT_104_Output.txt</field>
    <field id="priority">50.0</field>
    <field id="referenceFile" type="string">HLT_104_Reference.txt</field>
    <field id="severity">basic</field>
    <field id="status">draft</field>
    <field id="testCaseId" type="string">HLT_104</field>
    <field id="testProcedure" text-type="text/plain" type="text"><![CDATA[1. Enter s to start a session
2. Enter k to add a product
3. Enter c to cancel the product
Verify that the display shows that the product has been removed
4. Enter c to cancel the session
Verify that the session is ended
5. Enter e to end the session
Verify that the nothing happens]]></field>
    <field id="testType" type="enum:testtype">externalTest</field>
    <field id="type">testcase</field>
    <field id="verificationStatus" type="string">Not Verified</field>
</work-item>
