<?xml version="1.0" encoding="UTF-8" standalone="no"?>
<work-item>
    <field id="author">admin</field>
    <field id="created">2017-06-24 07:03:47.886 +0100</field>
    <field id="description" text-type="text/plain">Enter the random shopping command several times and check that each time a ticket is printed</field>
    <field id="externalTask" type="string">HLT_105_ET.bat</field>
    <field id="inputFile" type="string">HLT_105_Input.txt</field>
    <field id="linkedWorkItems">
        <list>
            <struct>
                <item id="role">relates_to</item>
                <item id="workItem">TCR-90</item>
            </struct>
            <struct>
                <item id="role">relates_to</item>
                <item id="workItem">TCR-91</item>
            </struct>
            <struct>
                <item id="role">relates_to</item>
                <item id="workItem">TCR-85</item>
            </struct>
        </list>
    </field>
    <field id="outputFile" type="string">HLT_105_Output.txt</field>
    <field id="priority">50.0</field>
    <field id="referenceFile" type="string">HLT_105_Reference.txt</field>
    <field id="severity">basic</field>
    <field id="status">draft</field>
    <field id="testCaseId" type="string">HLT_105</field>
    <field id="testProcedure" text-type="text/plain" type="text"><![CDATA[1. Enter rrr
Verify that 3 tickets are printed]]></field>
    <field id="testType" type="enum:testtype">externalTest</field>
    <field id="type">testcase</field>
    <field id="verificationStatus" type="string">Not Verified</field>
</work-item>
