<?xml version="1.0" encoding="UTF-8" standalone="no"?>
<work-item>
    <field id="author">admin</field>
    <field id="created">2017-06-24 07:03:51.311 +0100</field>
    <field id="description" text-type="text/plain">Enter unknown characters and check that the help is displayed</field>
    <field id="externalTask" type="string">HLT_107_ET.bat</field>
    <field id="inputFile" type="string">HLT_107_Input.txt</field>
    <field id="linkedWorkItems">
        <list>
            <struct>
                <item id="role">relates_to</item>
                <item id="workItem">TCR-96</item>
            </struct>
            <struct>
                <item id="role">relates_to</item>
                <item id="workItem">TCR-97</item>
            </struct>
            <struct>
                <item id="role">relates_to</item>
                <item id="workItem">TCR-98</item>
            </struct>
        </list>
    </field>
    <field id="outputFile" type="string">HLT_107_Output.txt</field>
    <field id="priority">50.0</field>
    <field id="referenceFile" type="string">HLT_107_Reference.txt</field>
    <field id="severity">basic</field>
    <field id="status">draft</field>
    <field id="testCaseId" type="string">HLT_107</field>
    <field id="testProcedure" text-type="text/plain" type="text"><![CDATA[1. Enter s to start a session
2. Enter h for help
Verify that the help message is displayed
3. Enter z
Verify that the help message is displayed]]></field>
    <field id="testType" type="enum:testtype">externalTest</field>
    <field id="type">testcase</field>
    <field id="verificationStatus" type="string">Not Verified</field>
</work-item>
