<?xml version="1.0" encoding="UTF-8" standalone="no"?>
<work-item>
    <field id="author">admin</field>
    <field id="created">2017-06-24 07:03:42.898 +0100</field>
    <field id="description" text-type="text/plain">End a session and check that the shopping basket is emptied</field>
    <field id="externalTask" type="string">HLT_102_ET.bat</field>
    <field id="inputFile" type="string">HLT_102_Input.txt</field>
    <field id="linkedWorkItems">
        <list>
            <struct>
                <item id="role">relates_to</item>
                <item id="workItem">TCR-88</item>
            </struct>
            <struct>
                <item id="role">relates_to</item>
                <item id="workItem">TCR-95</item>
            </struct>
            <struct>
                <item id="role">relates_to</item>
                <item id="workItem">TCR-84</item>
            </struct>
        </list>
    </field>
    <field id="outputFile" type="string">HLT_102_Output.txt</field>
    <field id="priority">50.0</field>
    <field id="referenceFile" type="string">HLT_102_Reference.txt</field>
    <field id="severity">basic</field>
    <field id="status">draft</field>
    <field id="testCaseId" type="string">HLT_102</field>
    <field id="testProcedure" text-type="text/plain" type="text"><![CDATA[1. Enter s to start a session 
2. Enter k to add a product
3. Enter e to end the session
Verify that a product was printed out
4. Enter s to start a session
5. Enter e to end the session
Verify that the Shopping Basket is empty by ensuring that no products were printed out]]></field>
    <field id="testType" type="enum:testtype">externalTest</field>
    <field id="type">testcase</field>
    <field id="verificationStatus" type="string">Not Verified</field>
</work-item>
