<?xml version="1.0" encoding="UTF-8" standalone="no"?>
<workitems-table-settings>
    <columns>
        <column id="id" width="127"/>
        <column id="requirementId" width="122"/>
        <column id="reqtype" width="117"/>
        <column id="verificationStatus" width="131"/>
        <column id="title" width="211"/>
        <column id="reference" width="93"/>
        <column id="updated" width="121"/>
    </columns>
    <sort-by>
        <column descending="true" id="requirementId"/>
        <column descending="true" id="id"/>
    </sort-by>
</workitems-table-settings>
