<?xml version="1.0" encoding="UTF-8" standalone="no"?>
<work-item>
    <field id="author">admin</field>
    <field id="created">2017-06-24 07:03:40.963 +0100</field>
    <field id="description" text-type="text/plain"><![CDATA[Check that when the session is not active

that all the commands to enter a barcode

end a session and cancel a session are ignored]]></field>
    <field id="externalTask" type="string">HLT_101_ET.bat</field>
    <field id="inputFile" type="string">HLT_101_Input.txt</field>
    <field id="linkedWorkItems">
        <list>
            <struct>
                <item id="role">relates_to</item>
                <item id="workItem">TCR-87</item>
            </struct>
            <struct>
                <item id="role">relates_to</item>
                <item id="workItem">TCR-83</item>
            </struct>
            <struct>
                <item id="role">relates_to</item>
                <item id="workItem">TCR-86</item>
            </struct>
        </list>
    </field>
    <field id="outputFile" type="string">HLT_101_Output.txt</field>
    <field id="priority">50.0</field>
    <field id="referenceFile" type="string">HLT_101_Reference.txt</field>
    <field id="severity">basic</field>
    <field id="status">draft</field>
    <field id="testCaseId" type="string">HLT_101</field>
    <field id="testProcedure" text-type="text/plain" type="text"><![CDATA[1. Enter e to end the session
2. Enter w g l p n k to add one of each product
3. Add barcode 12345b
4. Enter e to end the session
5. Enter c to cancel product/session
Verify that nothing is displayed]]></field>
    <field id="testType" type="enum:testtype">externalTest</field>
    <field id="type">testcase</field>
    <field id="verificationStatus" type="string">Not Verified</field>
</work-item>
