<?xml version="1.0" encoding="UTF-8" standalone="no"?>
<work-item>
    <field id="author">admin</field>
    <field id="created">2017-06-24 07:03:37.816 +0100</field>
    <field id="description" text-type="text/plain">Add a different number of each product and then check when the ticket is printed out that the ticket contains the expected number of each product</field>
    <field id="externalTask" type="string">HLT_100_ET.bat</field>
    <field id="inputFile" type="string">HLT_100_Input.txt</field>
    <field id="linkedWorkItems">
        <list>
            <struct>
                <item id="role">relates_to</item>
                <item id="workItem">TCR-90</item>
            </struct>
            <struct>
                <item id="role">relates_to</item>
                <item id="workItem">TCR-91</item>
            </struct>
            <struct>
                <item id="role">relates_to</item>
                <item id="workItem">TCR-94</item>
            </struct>
            <struct>
                <item id="role">relates_to</item>
                <item id="workItem">TCR-95</item>
            </struct>
            <struct>
                <item id="role">relates_to</item>
                <item id="workItem">TCR-99</item>
            </struct>
            <struct>
                <item id="role">relates_to</item>
                <item id="workItem">TCR-100</item>
            </struct>
            <struct>
                <item id="role">relates_to</item>
                <item id="workItem">TCR-82</item>
            </struct>
            <struct>
                <item id="role">relates_to</item>
                <item id="workItem">TCR-83</item>
            </struct>
            <struct>
                <item id="role">relates_to</item>
                <item id="workItem">TCR-85</item>
            </struct>
        </list>
    </field>
    <field id="outputFile" type="string">HLT_100_Output.txt</field>
    <field id="priority">50.0</field>
    <field id="referenceFile" type="string">HLT_100_Reference.txt</field>
    <field id="severity">basic</field>
    <field id="status">draft</field>
    <field id="testCaseId" type="string">HLT_100</field>
    <field id="testProcedure" text-type="text/plain" type="text"><![CDATA[1.Enter s to start the session
2. Enter products: w gg lll pppp nnnnn kkkkkk
3. Enter e to end the session
Verify that the ticket contains 1 Watermelon, 2 Pomegrantes, 3 Lychees, 4 Pears, 5 Coconuts and 6 Kiwis]]></field>
    <field id="testType" type="enum:testtype">externalTest</field>
    <field id="type">testcase</field>
    <field id="verificationStatus" type="string">Not Verified</field>
</work-item>
