<?xml version="1.0" encoding="UTF-8" standalone="no"?>
<work-item>
    <field id="author">admin</field>
    <field id="created">2017-06-24 07:03:45.014 +0100</field>
    <field id="description" text-type="text/plain"><![CDATA[Check that when the session is active

that the start session command is ignored]]></field>
    <field id="externalTask" type="string">HLT_103_ET.bat</field>
    <field id="inputFile" type="string">HLT_103_Input.txt</field>
    <field id="linkedWorkItems">
        <list>
            <struct>
                <item id="role">relates_to</item>
                <item id="workItem">TCR-93</item>
            </struct>
        </list>
    </field>
    <field id="outputFile" type="string">HLT_103_Output.txt</field>
    <field id="priority">50.0</field>
    <field id="referenceFile" type="string">HLT_103_Reference.txt</field>
    <field id="severity">basic</field>
    <field id="status">draft</field>
    <field id="testCaseId" type="string">HLT_103</field>
    <field id="testProcedure" text-type="text/plain" type="text"><![CDATA[1. Enter s to start a session
Verify that the session has started
2. Enter s to start a session 
Verify that the session is not restarted]]></field>
    <field id="testType" type="enum:testtype">externalTest</field>
    <field id="type">testcase</field>
    <field id="verificationStatus" type="string">Not Verified</field>
</work-item>
