<?xml version="1.0" encoding="UTF-8" standalone="no"?>
<work-item>
    <field id="author">admin</field>
    <field id="created">2017-06-24 08:02:51.343 +0100</field>
    <field id="description" text-type="text/plain">Cashregister_key</field>
    <field id="linkedWorkItems">
        <list>
            <struct>
                <item id="role">relates_to</item>
                <item id="workItem">TCR-128</item>
            </struct>
            <struct>
                <item id="role">relates_to</item>
                <item id="workItem">TCR-129</item>
            </struct>
        </list>
    </field>
    <field id="priority">50.0</field>
    <field id="severity">basic</field>
    <field id="status">draft</field>
    <field id="tcf" type="string">Unittest_Cashregister_key.tcf</field>
    <field id="testType" type="enum:testtype">unitTest</field>
    <field id="type">testcase</field>
    <field id="verificationStatus" type="string">Not Verified</field>
</work-item>
