<?xml version="1.0" encoding="UTF-8" standalone="no"?>
<work-item>
    <field id="author">admin</field>
    <field id="created">2017-06-24 06:41:06.313 +0100</field>
    <field id="description" text-type="text/plain">When a menu selection is selected that is not in the list of menu options, the cash register application shall display the user interface help</field>
    <field id="linkedWorkItems">
        <list>
            <struct>
                <item id="role">relates_to</item>
                <item id="workItem">TCR-78</item>
            </struct>
        </list>
    </field>
    <field id="priority">50.0</field>
    <field id="reqtype" type="enum:reqtype">highLevel</field>
    <field id="requirementId" type="string">HLR_116</field>
    <field id="severity">should_have</field>
    <field id="status">draft</field>
    <field id="title">Display help when incorrect input</field>
    <field id="type">requirement</field>
    <field id="verificationStatus" type="string">Not Verified</field>
</work-item>
