<?xml version="1.0" encoding="UTF-8" standalone="no"?>
<work-item>
    <field id="author">admin</field>
    <field id="created">2017-06-24 06:41:07.669 +0100</field>
    <field id="description" text-type="text/plain">When a shopping session ends the cash register application shall print ticket totalling the cost for all items in the shopping basket</field>
    <field id="linkedWorkItems">
        <list>
            <struct>
                <item id="role">relates_to</item>
                <item id="workItem">TCR-78</item>
            </struct>
        </list>
    </field>
    <field id="priority">50.0</field>
    <field id="reqtype" type="enum:reqtype">highLevel</field>
    <field id="requirementId" type="string">HLR_117</field>
    <field id="severity">should_have</field>
    <field id="status">draft</field>
    <field id="title">Print ticket</field>
    <field id="type">requirement</field>
    <field id="verificationStatus" type="string">Not Verified</field>
</work-item>
