<?xml version="1.0" encoding="UTF-8" standalone="no"?>
<work-item>
    <field id="author">admin</field>
    <field id="created">2017-06-24 08:03:03.688 +0100</field>
    <field id="description" text-type="text/plain">parse_commands</field>
    <field id="linkedWorkItems">
        <list>
            <struct>
                <item id="role">relates_to</item>
                <item id="workItem">TCR-142</item>
            </struct>
            <struct>
                <item id="role">relates_to</item>
                <item id="workItem">TCR-143</item>
            </struct>
            <struct>
                <item id="role">relates_to</item>
                <item id="workItem">TCR-144</item>
            </struct>
            <struct>
                <item id="role">relates_to</item>
                <item id="workItem">TCR-145</item>
            </struct>
            <struct>
                <item id="role">relates_to</item>
                <item id="workItem">TCR-146</item>
            </struct>
            <struct>
                <item id="role">relates_to</item>
                <item id="workItem">TCR-147</item>
            </struct>
            <struct>
                <item id="role">relates_to</item>
                <item id="workItem">TCR-148</item>
            </struct>
            <struct>
                <item id="role">relates_to</item>
                <item id="workItem">TCR-149</item>
            </struct>
        </list>
    </field>
    <field id="priority">50.0</field>
    <field id="severity">basic</field>
    <field id="status">draft</field>
    <field id="tcf" type="string">Unittest_parse_commands.tcf</field>
    <field id="testType" type="enum:testtype">unitTest</field>
    <field id="type">testcase</field>
    <field id="verificationStatus" type="string">Not Verified</field>
</work-item>
