<?xml version="1.0" encoding="UTF-8" standalone="no"?>
<work-item>
    <field id="author">admin</field>
    <field id="created">2017-06-24 06:31:59.104 +0100</field>
    <field id="description" text-type="text/plain">The cash register shall generate a ticket for the user that totals the cost of all purchased products and incorporates special offers</field>
    <field id="priority">50.0</field>
    <field id="reqtype" type="enum:reqtype">systemLevel</field>
    <field id="requirementId" type="string">SYS_103</field>
    <field id="severity">should_have</field>
    <field id="status">draft</field>
    <field id="title">Final Ticket</field>
    <field id="type">requirement</field>
</work-item>
