<?xml version="1.0" encoding="UTF-8" standalone="no"?>
<work-item>
    <field id="author">admin</field>
    <field id="created">2017-06-24 06:50:28.203 +0100</field>
    <field id="description" text-type="text/plain">Print a string</field>
    <field id="linkedWorkItems">
        <list>
            <struct>
                <item id="role">relates_to</item>
                <item id="workItem">TCR-99</item>
            </struct>
        </list>
    </field>
    <field id="priority">50.0</field>
    <field id="reference" type="string">Userinterface_print</field>
    <field id="reqtype" type="enum:reqtype">lowLevel</field>
    <field id="requirementId" type="string">LLR_161</field>
    <field id="severity">should_have</field>
    <field id="status">draft</field>
    <field id="title">Userinterface_print</field>
    <field id="type">requirement</field>
    <field id="verificationStatus" type="string">Not Verified</field>
</work-item>
