<?xml version="1.0" encoding="UTF-8" standalone="no"?>
<fields>
    <field id="testType" name="Test Type" required="true" type="enum:testtype"/>
    <field description="Unique Test Case Identifier" id="testCaseId" name="Test Case ID" required="true" type="string"/>
    <field description="updated from TBmanager" id="verificationStatus" name="Verification Status" type="string"/>
    <field description="Test Case File for Unit Test" id="tcf" name="TCF" type="string"/>
    <field description="Program to run for External Test" id="externalTask" name="External Task" type="string"/>
    <field description="Steps to peform the test" id="testProcedure" name="Test Procedure" type="text"/>
    <field description="Read inputs from this file" id="inputFile" name="Input File" type="string"/>
    <field description="Capture outputs to this file" id="outputFile" name="Output File" type="string"/>
    <field description="Compare output file to this file" id="referenceFile" name="Reference File" type="string"/>
</fields>
