<?xml version="1.0" encoding="UTF-8" standalone="no"?>
<work-item>
    <field id="author">admin</field>
    <field id="created">2017-06-24 08:03:06.474 +0100</field>
    <field id="description" text-type="text/plain">parse_key</field>
    <field id="linkedWorkItems">
        <list>
            <struct>
                <item id="role">relates_to</item>
                <item id="workItem">TCR-150</item>
            </struct>
            <struct>
                <item id="role">relates_to</item>
                <item id="workItem">TCR-151</item>
            </struct>
            <struct>
                <item id="role">relates_to</item>
                <item id="workItem">TCR-152</item>
            </struct>
            <struct>
                <item id="role">relates_to</item>
                <item id="workItem">TCR-153</item>
            </struct>
            <struct>
                <item id="role">relates_to</item>
                <item id="workItem">TCR-154</item>
            </struct>
            <struct>
                <item id="role">relates_to</item>
                <item id="workItem">TCR-155</item>
            </struct>
            <struct>
                <item id="role">relates_to</item>
                <item id="workItem">TCR-156</item>
            </struct>
        </list>
    </field>
    <field id="priority">50.0</field>
    <field id="severity">basic</field>
    <field id="status">draft</field>
    <field id="tcf" type="string">Unittest_parse_key.tcf</field>
    <field id="testType" type="enum:testtype">unitTest</field>
    <field id="type">testcase</field>
    <field id="verificationStatus" type="string">Not Verified</field>
</work-item>
