<?xml version="1.0" encoding="UTF-8" standalone="no"?>
<work-item>
    <field id="author">admin</field>
    <field id="created">2017-06-24 07:03:53.490 +0100</field>
    <field id="description" text-type="text/plain">Enter the maximum number of products and check that the message Basket is full is displayed</field>
    <field id="externalTask" type="string">HLT_108_ET.bat</field>
    <field id="inputFile" type="string">HLT_108_Input.txt</field>
    <field id="linkedWorkItems">
        <list>
            <struct>
                <item id="role">relates_to</item>
                <item id="workItem">TCR-90</item>
            </struct>
        </list>
    </field>
    <field id="outputFile" type="string">HLT_108_Output.txt</field>
    <field id="priority">50.0</field>
    <field id="referenceFile" type="string">HLT_108_Reference.txt</field>
    <field id="severity">basic</field>
    <field id="status">draft</field>
    <field id="testCaseId" type="string">HLT_108</field>
    <field id="testProcedure" text-type="text/plain" type="text"><![CDATA[1. Enter s to start a session
2. Enter 51 times w
3. Enter e to end the session
Verfiy that the message "Basket is full" is displayed]]></field>
    <field id="testType" type="enum:testtype">externalTest</field>
    <field id="type">testcase</field>
    <field id="verificationStatus" type="string">Not Verified</field>
</work-item>
