<?xml version="1.0" encoding="UTF-8" standalone="no"?>
<work-item>
    <field id="author">admin</field>
    <field id="created">2017-06-24 06:41:03.803 +0100</field>
    <field id="description" text-type="text/plain">When requested through menu selection the cash register shall provide a help menu item with instructions for all sections to guide the user through its use</field>
    <field id="linkedWorkItems">
        <list>
            <struct>
                <item id="role">relates_to</item>
                <item id="workItem">TCR-78</item>
            </struct>
        </list>
    </field>
    <field id="priority">50.0</field>
    <field id="reqtype" type="enum:reqtype">highLevel</field>
    <field id="requirementId" type="string">HLR_114</field>
    <field id="severity">should_have</field>
    <field id="status">draft</field>
    <field id="title">Display help when requested</field>
    <field id="type">requirement</field>
    <field id="verificationStatus" type="string">Not Verified</field>
</work-item>
